{"meta": "rf", "max_depth": 5, "min_samples_split": 2, "min_samples_leaf": 1, "min_weight_fraction_leaf": 0, "max_features": "auto", "max_leaf_nodes": null, "min_impurity_decrease": 0, "min_impurity_split": null, "n_features_": 28, "n_outputs_": 1, "classes_": [0, 1], "estimators_": [{"meta": "decision-tree", "feature_importances_": [0, 0, 0, 0, 0, 0, 0, 0, 0, 0, 0, 0, 0, 0, 0, 0, 0, 0, 0, 0, 0, 0, 0, 0, 0, 0, 0, 0], "max_features_": 0, "n_classes_": 2, "n_features_": 28, "n_outputs_": 1, "tree_": {"max_depth": 5, "node_count": 15, "nodes": [[1, 12, 5, 1.590301275253296, 0, 0, 0], [2, 9, 0, 1.1880950927734375, 0, 0, 0], [3, 4, 21, 0.4617093354463577, 0, 0, 0], [-1, -1, -2, -2.0, 0, 0, 0], [5, 8, 10, -0.9756845235824585, 0, 0, 0], [6, 7, 24, 0.7774398624897003, 0, 0, 0], [-1, -1, -2, -2.0, 0, 0, 0], [-1, -1, -2, -2.0, 0, 0, 0], [-1, -1, -2, -2.0, 0, 0, 0], [10, 11, 6, 1.0421915650367737, 0, 0, 0], [-1, -1, -2, -2.0, 0, 0, 0], [-1, -1, -2, -2.0, 0, 0, 0], [13, 14, 14, 0.49898920953273773, 0, 0, 0], [-1, -1, -2, -2.0, 0, 0, 0], [-1, -1, -2, -2.0, 0, 0, 0]], "values": [[[0, 0]], [[0, 0]], [[0, 0]], [[1, 0]], [[0, 0]], [[0, 0]], [[0, 1]], [[1, 0]], [[0, 1]], [[0, 0]], [[1, 0]], [[0, 1]], [[0, 0]], [[1, 0]], [[0, 1]]], "nodes_dtype": ["<i8", "<i8", "<i8", "<f8", "<f8", "<i8", "<f8"]}, "classes_": [0, 1], "params": {"ccp_alpha": 0, "class_weight": null, "criterion": "gini", "max_depth": 5, "max_features": "auto", "max_leaf_nodes": null, "min_impurity_decrease": 0, "min_samples_leaf": 1, "min_samples_split": 2, "min_weight_fraction_leaf": 0, "random_state": 0, "splitter": "best"}}, {"meta": "decision-tree", "feature_importances_": [0, 0, 0, 0, 0, 0, 0, 0, 0, 0, 0, 0, 0, 0, 0, 0, 0, 0, 0, 0, 0, 0, 0, 0, 0, 0, 0, 0], "max_features_": 0, "n_classes_": 2, "n_features_": 28, "n_outputs_": 1, "tree_": {"max_depth": 5, "node_count": 21, "nodes": [[1, 10, 5, 0.7248421013355255, 0, 0, 0], [2, 3, 25, 0.6820155680179596, 0, 0, 0], [-1, -1, -2, -2.0, 0, 0, 0], [4, 5, 24, 0.8621801733970642, 0, 0, 0], [-1, -1, -2, -2.0, 0, 0, 0], [6, 9, 21, 0.8946790099143982, 0, 0, 0], [7, 8, 6, -1.2576173543930054, 0, 0, 0], [-1, -1, -2, -2.0, 0, 0, 0], [-1, -1, -2, -2.0, 0, 0, 0], [-1, -1, -2, -2.0, 0, 0, 0], [11, 12, 7, -0.7971361875534058, 0, 0, 0], [-1, -1, -2, -2.0, 0, 0, 0], [13, 18, 3, 0.9006263613700867, 0, 0, 0], [14, 17, 0, 1.1708921790122986, 0, 0, 0], [15, 16, 0, 0.5344780385494232, 0, 0, 0], [-1, -1, -2, -2.0, 0, 0, 0], [-1, -1, -2, -2.0, 0, 0, 0], [-1, -1, -2, -2.0, 0, 0, 0], [19, 20, 23, 0.9756079912185669, 0, 0, 0], [-1, -1, -2, -2.0, 0, 0, 0], [-1, -1, -2, -2.0, 0, 0, 0]], "values": [[[0, 0]], [[0, 0]], [[1, 0]], [[0, 0]], [[0, 1]], [[0, 0]], [[0, 0]], [[0, 1]], [[1, 0]], [[1, 0]], [[0, 0]], [[1, 0]], [[0, 0]], [[0, 0]], [[0, 0]], [[1, 0]], [[0, 1]], [[1, 0]], [[0, 0]], [[1, 0]], [[0, 1]]], "nodes_dtype": ["<i8", "<i8", "<i8", "<f8", "<f8", "<i8", "<f8"]}, "classes_": [0, 1], "params": {"ccp_alpha": 0, "class_weight": null, "criterion": "gini", "max_depth": 5, "max_features": "auto", "max_leaf_nodes": null, "min_impurity_decrease": 0, "min_samples_leaf": 1, "min_samples_split": 2, "min_weight_fraction_leaf": 0, "random_state": 0, "splitter": "best"}}, {"meta": "decision-tree", "feature_importances_": [0, 0, 0, 0, 0, 0, 0, 0, 0, 0, 0, 0, 0, 0, 0, 0, 0, 0, 0, 0, 0, 0, 0, 0, 0, 0, 0, 0], "max_features_": 0, "n_classes_": 2, "n_features_": 28, "n_outputs_": 1, "tree_": {"max_depth": 5, "node_count": 23, "nodes": [[1, 10, 10, -0.3734328895807266, 0, 0, 0], [2, 9, 7, 0.8602741658687592, 0, 0, 0], [3, 4, 18, -0.7441718280315399, 0, 0, 0], [-1, -1, -2, -2.0, 0, 0, 0], [5, 8, 5, 0.7780658602714539, 0, 0, 0], [6, 7, 26, 0.9196771681308746, 0, 0, 0], [-1, -1, -2, -2.0, 0, 0, 0], [-1, -1, -2, -2.0, 0, 0, 0], [-1, -1, -2, -2.0, 0, 0, 0], [-1, -1, -2, -2.0, 0, 0, 0], [11, 16, 17, 0.9505048990249634, 0, 0, 0], [12, 13, 10, 0.27593038976192474, 0, 0, 0], [-1, -1, -2, -2.0, 0, 0, 0], [14, 15, 24, 0.5535028576850891, 0, 0, 0], [-1, -1, -2, -2.0, 0, 0, 0], [-1, -1, -2, -2.0, 0, 0, 0], [17, 20, 21, 1.328604817390442, 0, 0, 0], [18, 19, 15, 1.5467849373817444, 0, 0, 0], [-1, -1, -2, -2.0, 0, 0, 0], [-1, -1, -2, -2.0, 0, 0, 0], [21, 22, 0, 0.5344780385494232, 0, 0, 0], [-1, -1, -2, -2.0, 0, 0, 0], [-1, -1, -2, -2.0, 0, 0, 0]], "values": [[[0, 0]], [[0, 0]], [[0, 0]], [[1, 0]], [[0, 0]], [[0, 0]], [[0, 1]], [[1, 0]], [[1, 0]], [[0, 1]], [[0, 0]], [[0, 0]], [[0, 1]], [[0, 0]], [[0, 1]], [[1, 0]], [[0, 0]], [[0, 0]], [[0, 1]], [[1, 0]], [[0, 0]], [[1, 0]], [[0, 1]]], "nodes_dtype": ["<i8", "<i8", "<i8", "<f8", "<f8", "<i8", "<f8"]}, "classes_": [0, 1], "params": {"ccp_alpha": 0, "class_weight": null, "criterion": "gini", "max_depth": 5, "max_features": "auto", "max_leaf_nodes": null, "min_impurity_decrease": 0, "min_samples_leaf": 1, "min_samples_split": 2, "min_weight_fraction_leaf": 0, "random_state": 0, "splitter": "best"}}, {"meta": "decision-tree", "feature_importances_": [0, 0, 0, 0, 0, 0, 0, 0, 0, 0, 0, 0, 0, 0, 0, 0, 0, 0, 0, 0, 0, 0, 0, 0, 0, 0, 0, 0], "max_features_": 0, "n_classes_": 2, "n_features_": 28, "n_outputs_": 1, "tree_": {"max_depth": 4, "node_count": 17, "nodes": [[1, 12, 27, 1.1772407293319702, 0, 0, 0], [2, 7, 3, 1.1963887810707092, 0, 0, 0], [3, 6, 14, -0.3712085783481598, 0, 0, 0], [4, 5, 16, 0.6370561122894287, 0, 0, 0], [-1, -1, -2, -2.0, 0, 0, 0], [-1, -1, -2, -2.0, 0, 0, 0], [-1, -1, -2, -2.0, 0, 0, 0], [8, 11, 7, 0.736371248960495, 0, 0, 0], [9, 10, 24, 0.9399738311767578, 0, 0, 0], [-1, -1, -2, -2.0, 0, 0, 0], [-1, -1, -2, -2.0, 0, 0, 0], [-1, -1, -2, -2.0, 0, 0, 0], [13, 16, 1, 0.07153255119919777, 0, 0, 0], [14, 15, 5, 1.3826735019683838, 0, 0, 0], [-1, -1, -2, -2.0, 0, 0, 0], [-1, -1, -2, -2.0, 0, 0, 0], [-1, -1, -2, -2.0, 0, 0, 0]], "values": [[[0, 0]], [[0, 0]], [[0, 0]], [[0, 0]], [[0, 1]], [[1, 0]], [[0, 1]], [[0, 0]], [[0, 0]], [[1, 0]], [[0, 1]], [[0, 1]], [[0, 0]], [[0, 0]], [[1, 0]], [[0, 1]], [[1, 0]]], "nodes_dtype": ["<i8", "<i8", "<i8", "<f8", "<f8", "<i8", "<f8"]}, "classes_": [0, 1], "params": {"ccp_alpha": 0, "class_weight": null, "criterion": "gini", "max_depth": 4, "max_features": "auto", "max_leaf_nodes": null, "min_impurity_decrease": 0, "min_samples_leaf": 1, "min_samples_split": 2, "min_weight_fraction_leaf": 0, "random_state": 0, "splitter": "best"}}, {"meta": "decision-tree", "feature_importances_": [0, 0, 0, 0, 0, 0, 0, 0, 0, 0, 0, 0, 0, 0, 0, 0, 0, 0, 0, 0, 0, 0, 0, 0, 0, 0, 0, 0], "max_features_": 0, "n_classes_": 2, "n_features_": 28, "n_outputs_": 1, "tree_": {"max_depth": 5, "node_count": 17, "nodes": [[1, 12, 13, 1.5283446907997131, 0, 0, 0], [2, 3, 2, -1.1943053007125854, 0, 0, 0], [-1, -1, -2, -2.0, 0, 0, 0], [4, 9, 5, 1.3548249006271362, 0, 0, 0], [5, 8, 15, 1.5467849373817444, 0, 0, 0], [6, 7, 18, -0.3843922019004822, 0, 0, 0], [-1, -1, -2, -2.0, 0, 0, 0], [-1, -1, -2, -2.0, 0, 0, 0], [-1, -1, -2, -2.0, 0, 0, 0], [10, 11, 15, -1.4977078437805176, 0, 0, 0], [-1, -1, -2, -2.0, 0, 0, 0], [-1, -1, -2, -2.0, 0, 0, 0], [13, 14, 25, 1.9523643255233765, 0, 0, 0], [-1, -1, -2, -2.0, 0, 0, 0], [15, 16, 6, -0.8328088223934174, 0, 0, 0], [-1, -1, -2, -2.0, 0, 0, 0], [-1, -1, -2, -2.0, 0, 0, 0]], "values": [[[0, 0]], [[0, 0]], [[1, 0]], [[0, 0]], [[0, 0]], [[0, 0]], [[1, 0]], [[0, 1]], [[1, 0]], [[0, 0]], [[0, 1]], [[1, 0]], [[0, 0]], [[0, 1]], [[0, 0]], [[0, 1]], [[1, 0]]], "nodes_dtype": ["<i8", "<i8", "<i8", "<f8", "<f8", "<i8", "<f8"]}, "classes_": [0, 1], "params": {"ccp_alpha": 0, "class_weight": null, "criterion": "gini", "max_depth": 5, "max_features": "auto", "max_leaf_nodes": null, "min_impurity_decrease": 0, "min_samples_leaf": 1, "min_samples_split": 2, "min_weight_fraction_leaf": 0, "random_state": 0, "splitter": "best"}}, {"meta": "decision-tree", "feature_importances_": [0, 0, 0, 0, 0, 0, 0, 0, 0, 0, 0, 0, 0, 0, 0, 0, 0, 0, 0, 0, 0, 0, 0, 0, 0, 0, 0, 0], "max_features_": 0, "n_classes_": 2, "n_features_": 28, "n_outputs_": 1, "tree_": {"max_depth": 5, "node_count": 17,