query size,batch_size,model,framework,data loading time,sklearn loading time,inference time,result writing time,conversion time,total framework time
100,100,xgboost,XGBoostGPU,5056.665420532227,418.6084270477295,730391.0293579102,1097.252607345581,0.0,731490.2720451355
1000,1000,xgboost,XGBoostGPU,5023.110151290894,344.9380397796631,73764.8561000824,1169.7475910186768,0.0,74936.59496307373
10000,10000,xgboost,XGBoostGPU,5317.229986190796,343.16015243530273,9464.47467803955,1090.4881954193115,0.0,10556.911945343018
100000,100000,xgboost,XGBoostGPU,5070.09744644165,339.54906463623047,3748.7246990203857,1221.8382358551025,0.0,4972.635269165039
2200000,2200000,xgboost,XGBoostGPU,5019.752979278564,341.7391777038574,3319.8649883270264,1094.7480201721191,0.0,4416.630744934082
