query size,batch_size,model,framework,data loading time,sklearn loading time,inference time,result writing time,conversion time,total framework time
100,100,xgboost,XGBoostGPU,3722.49436378479,201.50065422058105,5606.235980987549,52.797794342041016,0.0,5661.012649536133
1000,1000,xgboost,XGBoostGPU,3739.0201091766357,210.00099182128906,1835.6304168701172,52.637577056884766,0.0,1890.275239944458
10000,10000,xgboost,XGBoostGPU,3782.5748920440674,209.08260345458984,1685.429573059082,52.320241928100586,0.0,1739.715814590454
100000,100000,xgboost,XGBoostGPU,3723.4790325164795,208.65845680236816,1686.2914562225342,52.191972732543945,0.0,1740.4422760009766
103069,103069,xgboost,XGBoostGPU,3753.153085708618,207.7200412750244,1678.5123348236084,51.65457725524902,0.0,1732.154130935669
