query size,batch_size,model,framework,data loading time,sklearn loading time,inference time,result writing time,conversion time,total framework time
103069,103069,xgboost,XGBoostGPU,4884.716987609863,470.25132179260254,4331.055641174316,50.92430114746094,0.0,4383.957862854004
100,100,xgboost,XGBoostGPU,3662.0326042175293,247.43890762329102,13440.747261047363,51.16009712219238,0.0,13493.810415267944
1000,1000,xgboost,XGBoostGPU,3901.2012481689453,257.1570873260498,2833.285093307495,50.85301399230957,0.0,2886.0061168670654
10000,10000,xgboost,XGBoostGPU,3667.825937271118,256.8173408508301,1776.8847942352295,51.99575424194336,0.0,1830.831527709961
100000,100000,xgboost,XGBoostGPU,3651.6196727752686,257.4000358581543,1760.7605457305908,50.9030818939209,0.0,1813.5437965393066
103069,103069,xgboost,XGBoostGPU,3654.275894165039,254.06718254089355,1750.230073928833,50.82535743713379,0.0,1802.9675483703613
