query size,batch_size,model,framework,data loading time,sklearn loading time,inference time,result writing time,conversion time,total framework time
100,100,xgboost,XGBoostGPU,3734.2326641082764,348.83832931518555,38869.2467212677,51.17487907409668,0.0,38922.38783836365
1000,1000,xgboost,XGBoostGPU,3727.4951934814453,356.00900650024414,5190.895557403564,50.94552040100098,0.0,5243.75581741333
10000,10000,xgboost,XGBoostGPU,3727.292060852051,353.6667823791504,2167.9837703704834,51.00226402282715,0.0,2221.001625061035
100000,100000,xgboost,XGBoostGPU,3717.2024250030518,352.47230529785156,2004.4386386871338,50.9943962097168,0.0,2057.3770999908447
103069,103069,xgboost,XGBoostGPU,3754.686117172241,354.56132888793945,1981.6601276397705,51.10359191894531,0.0,2034.7926616668701
