query size,batch_size,model,framework,data loading time,sklearn loading time,inference time,result writing time,conversion time,total framework time
100,100,xgboost,XGBoostGPU,32899.83296394348,284.8825454711914,2697656.4548015594,11632.03477859497,0.0,2709290.5011177063
1000,1000,xgboost,XGBoostGPU,32345.950603485107,251.6763210296631,270719.7380065918,11961.122989654541,0.0,282682.7771663666
10000,10000,xgboost,XGBoostGPU,31437.165021896362,251.07383728027344,31705.70421218872,11383.429765701294,0.0,43091.08519554138
100000,100000,xgboost,XGBoostGPU,31894.981861114502,249.50361251831055,10071.088075637817,11312.652349472046,0.0,21385.688066482544
1000000,1000000,xgboost,XGBoostGPU,32358.578205108643,251.6942024230957,9097.215175628662,12189.886331558228,0.0,21289.058685302734
23013804,23013804,xgboost,XGBoostGPU,32476.113319396973,249.4974136352539,8711.638927459717,12229.862451553345,0.0,20943.47858428955
