query size,batch_size,model,framework,data loading time,sklearn loading time,inference time,result writing time,conversion time,total framework time
1000,1000,xgboost,Sklearn,5390.082120895386,215.9724235534668,2402.684211730957,1341.8564796447754,0.0,3744.7361946105957
1000,1000,xgboost,Sklearn,5095.411539077759,207.35645294189453,2388.474225997925,1191.2014484405518,0.0,3579.880714416504
1000,1000,xgboost,Sklearn,7478.87659072876,4893.297433853149,2419.1558361053467,1226.771354675293,0.0,3646.1191177368164
1000,1000,xgboost,Sklearn,5084.763526916504,202.9881477355957,2380.0048828125,1281.1977863311768,0.0,3661.393642425537
1000,1000,xgboost,Sklearn,4979.651927947998,312.1211528778076,2457.8680992126465,1067.3882961273193,0.0,3525.301933288574
1000,1000,xgboost,Sklearn,7498.112201690674,362.7748489379883,2399.036169052124,1175.4791736602783,0.0,3574.5861530303955
1000,1000,xgboost,Sklearn,5445.832014083862,202.18873023986816,2395.876884460449,1150.71702003479,0.0,3546.6394424438477
