query size,batch_size,model,framework,data loading time,sklearn loading time,inference time,result writing time,conversion time,total framework time
1000,1000,xgboost,Sklearn,5071.587562561035,254.58216667175293,14156.290292739868,1288.8073921203613,0.0,15445.220232009888
1000,1000,xgboost,Sklearn,5078.272581100464,250.5805492401123,13733.479261398315,1304.2540550231934,0.0,15037.85753250122
1000,1000,xgboost,Sklearn,5142.467260360718,252.56919860839844,13891.078233718872,1266.4718627929688,0.0,15157.675981521606
