query size,batch_size,model,framework,data loading time,sklearn loading time,inference time,result writing time,conversion time,total framework time
100,100,xgboost,XGBoostGPU,32736.828804016113,207.14616775512695,376897.8431224823,11485.283851623535,0.0,388385.12444496155
1000,1000,xgboost,XGBoostGPU,31446.520566940308,213.29188346862793,42498.300075531006,11294.612646102905,0.0,53794.86846923828
10000,10000,xgboost,XGBoostGPU,32619.613647460938,213.15360069274902,9769.084930419922,11529.022932052612,0.0,21300.134420394897
100000,100000,xgboost,XGBoostGPU,32262.367486953735,211.0447883605957,5467.147350311279,11517.73476600647,0.0,16986.878871917725
1000000,1000000,xgboost,XGBoostGPU,32617.653846740723,211.86447143554688,6229.002952575684,11857.676267623901,0.0,18088.59133720398
23013804,23013804,xgboost,XGBoostGPU,32520.790815353394,213.4568691253662,6163.610458374023,12689.828395843506,0.0,18855.396032333374
