{
    "meta": "gb",
    "classes_": [
        -1.0,
        1.0
    ],
    "max_features_": 10,
    "n_classes_": 2,
    "n_features_": 10,
    "train_score_": [
        1.3487371741375564,
        1.3116326106585083,
        1.2741502968556,
        1.2418546901140972,
        1.208565174565339,
        1.1744349572250854,
        1.140900260476383,
        1.1091212626092188,
        1.0780178091042971
    ],
    "params": {
        "ccp_alpha": 0.0,
        "criterion": "friedman_mse",
        "init": "zero",
        "learning_rate": 1.0,
        "loss": "deviance",
        "max_depth": 1,
        "max_features": null,
        "max_leaf_nodes": null,
        "min_impurity_decrease": 0.0,
        "min_samples_leaf": 1,
        "min_samples_split": 2,
        "min_weight_fraction_leaf": 0.0,
        "n_estimators": 9,
        "n_iter_no_change": null,
        "random_state": 0,
        "subsample": 1.0,
        "tol": 0.0001,
        "validation_fraction": 0.1,
        "verbose": 0,
        "warm_start": false
    },
    "estimators_shape": [
        9,
        1
    ],
    "estimators_": [
        {
            "meta": "decision-tree-regression",
            "feature_importances_": [
                0.0,
                1.0,
                0.0,
                0.0,
                0.0,
                0.0,
                0.0,
                0.0,
                0.0,
                0.0
            ],
            "max_features_": 10,
            "n_features_": 10,
            "n_outputs_": 1,
            "tree_": {
                "max_depth": 1,
                "node_count": 3,
                "nodes": [
                    [
                        1,
                        2,
                        1,
                        1.1182861924171448,
                        0.24990975,
                        2000,
                        2000.0
                    ],
                    [
                        -1,
                        -1,
                        -2,
                        -2.0,
                        0.24769667010833646,
                        1719,
                        1719.0
                    ],
                    [
                        -1,
                        -1,
                        -2,
                        -2.0,
                        0.19893365078963032,
                        281,
                        281.0
                    ]
                ],
                "values": [
                    [
                        [
                            -0.0095
                        ]
                    ],
                    [
                        [
                            -0.19197207678883071
                        ]
                    ],
                    [
                        [
                            0.9039145907473309
                        ]
                    ]
                ],
                "nodes_dtype": [
                    "<i8",
                    "<i8",
                    "<i8",
                    "<f8",
                    "<f8",
                    "<i8",
                    "<f8"
                ]
            }
        },
        {
            "meta": "decision-tree-regression",
            "feature_importances_": [
                0.0,
                1.0,
                0.0,
                0.0,
                0.0,
                0.0,
                0.0,
                0.0,
                0.0,
                0.0
            ],
            "max_features_": 10,
            "n_features_": 10,
            "n_outputs_": 1,
            "tree_": {
                "max_depth": 1,
                "node_count": 3,
                "nodes": [
                    [
                        1,
                        2,
                        1,
                        -1.371903121471405,
                        0.240870410081355,
                        2000,
                        2000.0
                    ],
                    [
                        -1,
                        -1,
                        -2,
                        -2.0,
                        0.17726354453627244,
                        165,
                        165.0
                    ],
                    [
                        -1,
                        -1,
                        -2,
                        -2.0,
                        0.23682397218004544,
                        1835,
                        1835.0
                    ]
                ],
                "values": [
                    [
                        [
                            0.0018724451035703317
                        ]
                    ],
                    [
                        [
                            1.28191104301462
                        ]
                    ],
                    [
                        [
                            -0.10991988246156555
                        ]
                    ]
                ],
                "nodes_dtype": [
                    "<i8",
                    "<i8",
                    "<i8",
                    "<f8",
                    "<f8",
                    "<i8",
                    "<f8"
                ]
            }
        },
        {
            "meta": "decision-tree-regression",
            "feature_importances_": [
                0.0,
                0.0,
                0.0,
                0.0,
                0.0,
                1.0,
                0.0,
                0.0,
                0.0,
                0.0
            ],
            "max_features_": 10,
            "n_features_": 10,
            "n_outputs_": 1,
            "tree_": {
                "max_depth": 1,
                "node_count": 3,
                "nodes": [
                    [
                        1,
                        2,
                        5,
                        1.7216529250144958,
                        0.2319010531956354,
                        2000,
                        2000.0
                    ],
                    [
                        -1,
                        -1,
                        -2,
                        -2.0,
                        0.23018838191511662,
                        1911,
                        1911.0
                    ],
                    [
                        -1,
                        -1,
                        -2,
                        -2.0,
                        0.08459684089308939,
                        89,
                        89.0
                    ]
                ],
                "values": [
                    [
                        [
                            0.001699883432935675
                        ]
                    ],
                    [
                        [
                            -0.07570514884120542
                        ]
                    ],
                    [
                        [
                            1.7873207993222882
                        ]
                    ]
                ],
                "nodes_dtype": [
                    "<i8",
                    "<i8",
                    "<i8",
                    "<f8",
                    "<f8",
                    "<i8",
                    "<f8"
                ]
            }
        },
        {
            "meta": "decision-tree-regression",
            "feature_importances_": [
                0.0,
                0.0,
                0.0,
                0.0,
                0.0,
                1.0,
                0.0,
                0.0,
                0.0,
                0.0
            ],
            "max_features_": 10,
            "n_features_": 10,
            "n_outputs_": 1,
            "tree_": {
                "max_depth": 1,
                "node_count": 3,