query size,batch_size,model,framework,data loading time,sklearn loading time,inference time,result writing time,conversion time,total framework time
1,1,lightgbm,ONNXGPU,4882.694959640503,272.5217342376709,438524.42741394043,1070.2459812164307,15184.064388275146,454778.7935733795
10,10,lightgbm,ONNXGPU,4891.478061676025,275.76661109924316,1250282.3610305786,1044.4369316101074,12941.192626953125,1264268.046617508
100,100,lightgbm,ONNXGPU,4831.280946731567,275.88748931884766,63378.8104057312,1093.848705291748,12812.082290649414,77284.80672836304
1000,1000,lightgbm,ONNXGPU,4887.273073196411,277.4004936218262,46143.41855049133,1116.9722080230713,12528.879165649414,59789.32881355286
10000,10000,lightgbm,ONNXGPU,4887.186288833618,278.46431732177734,39452.77380943298,1054.3475151062012,12695.68657875061,53202.871799468994
100000,100000,lightgbm,ONNXGPU,4898.480653762817,275.39587020874023,38765.350103378296,1108.0074310302734,12404.854536056519,52278.27525138855
2200000,2200000,lightgbm,ONNXGPU,4823.59504699707,277.47559547424316,39366.61958694458,1058.3076477050781,12649.774312973022,53074.766397476196
